Id,Pawpularity
4128bae22183829d2b5fea10effdb0c3,37.00195971262235
43a2262d7738e3d420d453815151079e,37.29587848035553
4e429cead1848a298432a0acad014c9d,36.146972928558824
80bc3ccafcc51b66303c2c263aa38486,37.057152772115984
8f49844c382931444e68dffbe20228f4,37.8489787375446
b03f7041962238a7c9d6537e22f9b017,42.99409894786319
c978013571258ed6d4637f6e8cc9d6a3,33.71136498343167
e0de453c1bffc20c22b072b34b54e50f,34.89964820615248
